{"accuracy": [0.37800171971321106, 0.5358061790466309, 0.6914665699005127, 0.7697255611419678, 0.8190394639968872, 0.8672813177108765, 0.8977272510528564, 0.9356775283813477, 0.9459691047668457, 0.9247426986694336, 0.8486278057098389, 0.8855059742927551], "loss": [1.6536606550216675, 1.0868343114852905, 0.7615405917167664, 0.5691169500350952, 0.4617094397544861, 0.3552079200744629, 0.28560706973075867, 0.2011999487876892, 0.16729441285133362, 0.1872117519378662, 0.3621985614299774, 0.2831127643585205], "val_accuracy": [0.5188801884651184, 0.58203125, 0.640625, 0.6393229365348816, 0.671875, 0.6510416865348816, 0.6731770634651184, 0.6705729365348816, 0.6490885615348816, 0.6119791865348816, 0.5481770634651184, 0.619140625], "val_loss": [1.2467286586761475, 1.0472396612167358, 0.9077372550964355, 0.9638316035270691, 0.9550233483314514, 1.0643318891525269, 0.9950727820396423, 0.9929297566413879, 1.1530925035476685, 1.6261247396469116, 1.9725695848464966, 1.3200749158859253]}