{"accuracy": [0.541809618473053, 0.7873070240020752, 0.8580617308616638, 0.8799313902854919, 0.9043739438056946, 0.9108061790466309, 0.916809618473053, 0.9260291457176208, 0.9322469830513, 0.9403945207595825, 0.9418953657150269, 0.9457547068595886, 0.9427530169487, 0.9431818127632141, 0.9440394639968872, 0.9504716992378235, 0.9511149525642395, 0.9511149525642395, 0.9560462832450867, 0.9551886916160583, 0.9543310403823853, 0.9584047794342041, 0.953044593334198, 0.9579759836196899, 0.9545454382896423, 0.9579759836196899, 0.9592624306678772, 0.9614065289497375, 0.9609776735305786], "loss": [0.9991856813430786, 0.44990378618240356, 0.3300737142562866, 0.2864351272583008, 0.23798324167728424, 0.21477244794368744, 0.20144501328468323, 0.19342690706253052, 0.17798420786857605, 0.15720269083976746, 0.15538740158081055, 0.13935984671115875, 0.14525243639945984, 0.1425635814666748, 0.13457143306732178, 0.1309599131345749, 0.13136816024780273, 0.12595684826374054, 0.11217796802520752, 0.11787369847297668, 0.112108014523983, 0.11057506501674652, 0.1147739514708519, 0.10294049978256226, 0.10279524326324463, 0.10427048057317734, 0.10111396759748459, 0.09446422010660172, 0.09729409217834473], "val_accuracy": [0.9251301884651184, 0.9596354365348816, 0.966796875, 0.97265625, 0.9700520634651184, 0.9713541865348816, 0.9700520634651184, 0.9733073115348816, 0.9759114384651184, 0.9720051884651184, 0.9739583134651184, 0.974609375, 0.97265625, 0.974609375, 0.9752604365348816, 0.9759114384651184, 0.97265625, 0.9765625, 0.9759114384651184, 0.9772135615348816, 0.9765625, 0.9778645634651184, 0.9752604365348816, 0.978515625, 0.9772135615348816, 0.9765625, 0.9765625, 0.9765625, 0.9772135615348816], "val_loss": [0.31389620900154114, 0.16475428640842438, 0.10936397314071655, 0.09587887674570084, 0.08704154938459396, 0.08324024826288223, 0.0813678726553917, 0.07626033574342728, 0.07429256290197372, 0.07314006984233856, 0.07060926407575607, 0.07236000150442123, 0.07108642160892487, 0.06965094804763794, 0.07071372866630554, 0.06998316943645477, 0.0703347772359848, 0.06787902861833572, 0.06844513863325119, 0.06652887910604477, 0.06888626515865326, 0.06761964410543442, 0.06745771318674088, 0.06595806032419205, 0.06743881851434708, 0.06805003434419632, 0.06720411032438278, 0.06721445173025131, 0.0677775889635086]}