{"accuracy": [0.7354202270507812, 0.9401801228523254, 0.9575471878051758, 0.9620497226715088, 0.9701972603797913, 0.9759863018989563, 0.9755574464797974, 0.979631245136261, 0.9819896817207336, 0.98477703332901, 0.9813464879989624, 0.9828473329544067, 0.9873499274253845, 0.9867066740989685, 0.9890651702880859, 0.9867066740989685], "loss": [0.6439238786697388, 0.16532941162586212, 0.11635437607765198, 0.0967695489525795, 0.0757993534207344, 0.06443865597248077, 0.057196054607629776, 0.052825864404439926, 0.044596556574106216, 0.043603915721178055, 0.03947452828288078, 0.03875835984945297, 0.03508995845913887, 0.03350479528307915, 0.02705642208456993, 0.03041699528694153], "val_accuracy": [0.90625, 0.9348958134651184, 0.9602864384651184, 0.96875, 0.9700520634651184, 0.96875, 0.9713541865348816, 0.974609375, 0.9720051884651184, 0.9713541865348816, 0.9733073115348816, 0.9733073115348816, 0.9733073115348816, 0.9739583134651184, 0.9752604365348816, 0.9739583134651184], "val_loss": [0.2741018831729889, 0.24325913190841675, 0.1586611121892929, 0.12385430186986923, 0.12773315608501434, 0.1248115822672844, 0.11553526669740677, 0.10746888071298599, 0.1079649105668068, 0.10818298906087875, 0.10237567871809006, 0.10964062809944153, 0.11173859983682632, 0.10928884893655777, 0.10619533807039261, 0.10617921501398087]}